{
  "__inputs": [
    {
      "name": "DS_ELASTICSEARCH",
      "label": "Elasticsearch",
      "description": "",
      "type": "datasource",
      "pluginId": "elasticsearch",
      "pluginName": "Elasticsearch"
    }
  ],
  "__elements": {},
  "__requires": [
    {
      "type": "datasource",
      "id": "elasticsearch",
      "name": "Elasticsearch",
      "version": "7.10.x"
    },
    {
      "type": "grafana",
      "id": "grafana",
      "name": "Grafana",
      "version": "7.5.12"
    },
    {
      "type": "panel",
      "id": "graph",
      "name": "Graph (old)",
      "version": ""
    },
    {
      "type": "panel",
      "id": "table",
      "name": "Table",
      "version": ""
    }
  ],
  "annotations": {
    "list": [
      {
        "builtIn": 1,
        "datasource": {
          "type": "datasource",
          "uid": "grafana"
        },
        "enable": true,
        "hide": true,
        "iconColor": "rgba(0, 211, 255, 1)",
        "limit": 100,
        "name": "Annotations & Alerts",
        "showIn": 0,
        "target": {
          "limit": 100,
          "matchAny": false,
          "tags": [],
          "type": "dashboard"
        },
        "type": "dashboard"
      }
    ]
  },
  "description": "https://em8g.com - free kubernetes monitoring",
  "editable": true,
  "fiscalYearStartMonth": 0,
  "gnetId": 16696,
  "graphTooltip": 2,
  "id": null,
  "links": [],
  "liveNow": false,
  "panels": [
    {
      "collapsed": false,
      "datasource": {
        "type": "elasticsearch",
        "uid": "000000010"
      },
      "gridPos": {
        "h": 1,
        "w": 24,
        "x": 0,
        "y": 0
      },
      "id": 37,
      "panels": [],
      "targets": [
        {
          "datasource": {
            "type": "elasticsearch",
            "uid": "000000010"
          },
          "refId": "A"
        }
      ],
      "title": "Visualization",
      "type": "row"
    },
    {
      "aliasColors": {},
      "bars": false,
      "dashLength": 10,
      "dashes": false,
      "datasource": {
        "type": "elasticsearch",
        "uid": "${DS_ELASTICSEARCH}"
      },
      "decimals": 1,
      "description": "The percentage of CPU time in states other than Idle and IOWait, normalised by the number of cores.",
      "fieldConfig": {
        "defaults": {
          "unit": "percentunit"
        },
        "overrides": []
      },
      "fill": 1,
      "fillGradient": 0,
      "gridPos": {
        "h": 8,
        "w": 8,
        "x": 0,
        "y": 1
      },
      "hiddenSeries": false,
      "hideTimeOverride": false,
      "id": 49,
      "interval": "1m",
      "legend": {
        "alignAsTable": true,
        "avg": true,
        "current": true,
        "max": true,
        "min": true,
        "show": true,
        "total": false,
        "values": true
      },
      "lines": true,
      "linewidth": 1,
      "links": [],
      "nullPointMode": "null",
      "options": {
        "alertThreshold": true
      },
      "percentage": false,
      "pluginVersion": "7.5.12",
      "pointradius": 2,
      "points": false,
      "renderer": "flot",
      "seriesOverrides": [],
      "spaceLength": 10,
      "stack": false,
      "steppedLine": false,
      "targets": [
        {
          "alias": "",
          "bucketAggs": [
            {
              "field": "agent.hostname",
              "id": "3",
              "settings": {
                "min_doc_count": "1",
                "order": "desc",
                "orderBy": "1",
                "size": "10"
              },
              "type": "terms"
            },
            {
              "field": "@timestamp",
              "id": "2",
              "settings": {
                "interval": "1m",
                "min_doc_count": 0,
                "trimEdges": "1"
              },
              "type": "date_histogram"
            }
          ],
          "datasource": {
            "type": "elasticsearch",
            "uid": "${DS_ELASTICSEARCH}"
          },
          "hide": false,
          "metrics": [
            {
              "field": "system.cpu.total.norm.pct",
              "id": "1",
              "type": "avg"
            }
          ],
          "query": "agent.hostname:$node AND event.dataset:system.cpu",
          "refId": "A",
          "timeField": "@timestamp"
        }
      ],
      "thresholds": [],
      "timeRegions": [],
      "title": "CPU Usage %",
      "tooltip": {
        "shared": true,
        "sort": 2,
        "value_type": "individual"
      },
      "transformations": [
        {
          "id": "groupBy",
          "options": {
            "fields": {
              "200~299": {
                "aggregations": []
              },
              "300~399": {
                "aggregations": []
              }
            }
          }
        }
      ],
      "type": "graph",
      "xaxis": {
        "mode": "time",
        "show": true,
        "values": []
      },
      "yaxes": [
        {
          "$$hashKey": "object:300",
          "decimals": 1,
          "format": "percentunit",
          "logBase": 1,
          "min": "0",
          "show": true
        },
        {
          "$$hashKey": "object:301",
          "format": "short",
          "logBase": 1,
          "show": true
        }
      ],
      "yaxis": {
        "align": false
      }
    },
    {
      "aliasColors": {},
      "bars": false,
      "dashLength": 10,
      "dashes": false,
      "datasource": {
        "type": "elasticsearch",
        "uid": "${DS_ELASTICSEARCH}"
      },
      "decimals": 1,
      "description": "The percentage of used memory.",
      "fieldConfig": {
        "defaults": {
          "unit": "percentunit"
        },
        "overrides": []
      },
      "fill": 1,
      "fillGradient": 0,
      "gridPos": {
        "h": 8,
        "w": 8,
        "x": 8,
        "y": 1
      },
      "hiddenSeries": false,
      "hideTimeOverride": false,
      "id": 58,
      "interval": "1m",
      "legend": {
        "alignAsTable": true,
        "avg": true,
        "current": true,
        "max": true,
        "min": true,
        "show": true,
        "total": false,
        "values": true
      },
      "lines": true,
      "linewidth": 1,
      "links": [],
      "nullPointMode": "null",
      "options": {
        "alertThreshold": true
      },
      "percentage": false,
      "pluginVersion": "7.5.12",
      "pointradius": 2,
      "points": false,
      "renderer": "flot",
      "seriesOverrides": [],
      "spaceLength": 10,
      "stack": false,
      "steppedLine": false,
      "targets": [
        {
          "alias": "",
          "bucketAggs": [
            {
              "field": "agent.hostname",
              "id": "3",
              "settings": {
                "min_doc_count": "1",
                "order": "desc",
                "orderBy": "1",
                "size": "10"
              },
              "type": "terms"
            },
            {
              "field": "@timestamp",
              "id": "2",
              "settings": {
                "interval": "1m",
                "min_doc_count": 0,
                "trimEdges": "1"
              },
              "type": "date_histogram"
            }
          ],
          "datasource": {
            "type": "elasticsearch",
            "uid": "${DS_ELASTICSEARCH}"
          },
          "hide": false,
          "metrics": [
            {
              "field": "system.memory.actual.used.pct",
              "id": "1",
              "type": "avg"
            }
          ],
          "query": "agent.hostname:$node AND event.dataset:system.memory",
          "refId": "A",
          "timeField": "@timestamp"
        }
      ],
      "thresholds": [],
      "timeRegions": [],
      "title": "Memory Usage %",
      "tooltip": {
        "shared": true,
        "sort": 2,
        "value_type": "individual"
      },
      "transformations": [
        {
          "id": "groupBy",
          "options": {
            "fields": {
              "200~299": {
                "aggregations": []
              },
              "300~399": {
                "aggregations": []
              }
            }
          }
        }
      ],
      "type": "graph",
      "xaxis": {
        "mode": "time",
        "show": true,
        "values": []
      },
      "yaxes": [
        {
          "$$hashKey": "object:170",
          "decimals": 1,
          "format": "percentunit",
          "logBase": 1,
          "min": "0",
          "show": true
        },
        {
          "$$hashKey": "object:171",
          "format": "short",
          "logBase": 1,
          "show": true
        }
      ],
      "yaxis": {
        "align": false
      }
    },
    {
      "aliasColors": {},
      "bars": false,
      "dashLength": 10,
      "dashes": false,
      "datasource": {
        "type": "elasticsearch",
        "uid": "${DS_ELASTICSEARCH}"
      },
      "decimals": 1,
      "description": "Filesystem total used in bytes",
      "fieldConfig": {
        "defaults": {
          "unit": "percentunit"
        },
        "overrides": []
      },
      "fill": 1,
      "fillGradient": 0,
      "gridPos": {
        "h": 8,
        "w": 8,
        "x": 16,
        "y": 1
      },
      "hiddenSeries": false,
      "hideTimeOverride": false,
      "id": 60,
      "interval": "1m",
      "legend": {
        "alignAsTable": true,
        "avg": true,
        "current": true,
        "max": true,
        "min": true,
        "show": true,
        "total": false,
        "values": true
      },
      "lines": true,
      "linewidth": 1,
      "links": [],
      "nullPointMode": "null",
      "options": {
        "alertThreshold": true
      },
      "percentage": false,
      "pluginVersion": "7.5.12",
      "pointradius": 2,
      "points": false,
      "renderer": "flot",
      "seriesOverrides": [],
      "spaceLength": 10,
      "stack": false,
      "steppedLine": false,
      "targets": [
        {
          "alias": "",
          "bucketAggs": [
            {
              "field": "agent.hostname",
              "id": "3",
              "settings": {
                "min_doc_count": "1",
                "order": "desc",
                "orderBy": "1",
                "size": "10"
              },
              "type": "terms"
            },
            {
              "field": "@timestamp",
              "id": "2",
              "settings": {
                "interval": "1m",
                "min_doc_count": 0,
                "trimEdges": "1"
              },
              "type": "date_histogram"
            }
          ],
          "datasource": {
            "type": "elasticsearch",
            "uid": "${DS_ELASTICSEARCH}"
          },
          "hide": false,
          "metrics": [
            {
              "field": "kubernetes.node.fs.used.bytes",
              "hide": true,
              "id": "1",
              "type": "sum"
            },
            {
              "field": "kubernetes.node.fs.capacity.bytes",
              "hide": true,
              "id": "4",
              "type": "sum"
            },
            {
              "id": "5",
              "pipelineVariables": [
                {
                  "name": "var1",
                  "pipelineAgg": "1"
                },
                {
                  "name": "var2",
                  "pipelineAgg": "4"
                }
              ],
              "settings": {
                "script": "params.var1 / params.var2"
              },
              "type": "bucket_script"
            }
          ],
          "query": "agent.hostname:$node AND event.dataset:kubernetes.node",
          "refId": "A",
          "timeField": "@timestamp"
        }
      ],
      "thresholds": [],
      "timeRegions": [],
      "title": "Filesystem Usage %",
      "tooltip": {
        "shared": true,
        "sort": 2,
        "value_type": "individual"
      },
      "transformations": [
        {
          "id": "groupBy",
          "options": {
            "fields": {
              "200~299": {
                "aggregations": []
              },
              "300~399": {
                "aggregations": []
              }
            }
          }
        }
      ],
      "type": "graph",
      "xaxis": {
        "mode": "time",
        "show": true,
        "values": []
      },
      "yaxes": [
        {
          "$$hashKey": "object:365",
          "decimals": 1,
          "format": "percentunit",
          "logBase": 1,
          "min": "0",
          "show": true
        },
        {
          "$$hashKey": "object:366",
          "format": "short",
          "logBase": 1,
          "show": true
        }
      ],
      "yaxis": {
        "align": false
      }
    },
    {
      "aliasColors": {},
      "bars": false,
      "dashLength": 10,
      "dashes": false,
      "datasource": {
        "type": "elasticsearch",
        "uid": "${DS_ELASTICSEARCH}"
      },
      "decimals": 1,
      "description": "",
      "fieldConfig": {
        "defaults": {
          "unit": "binBps"
        },
        "overrides": []
      },
      "fill": 1,
      "fillGradient": 0,
      "gridPos": {
        "h": 8,
        "w": 8,
        "x": 0,
        "y": 9
      },
      "hiddenSeries": false,
      "hideTimeOverride": true,
      "id": 62,
      "legend": {
        "alignAsTable": true,
        "avg": true,
        "current": true,
        "max": true,
        "min": true,
        "show": true,
        "total": false,
        "values": true
      },
      "lines": true,
      "linewidth": 1,
      "links": [],
      "nullPointMode": "null",
      "options": {
        "alertThreshold": true
      },
      "percentage": false,
      "pluginVersion": "7.5.12",
      "pointradius": 2,
      "points": false,
      "renderer": "flot",
      "repeatDirection": "v",
      "seriesOverrides": [],
      "spaceLength": 10,
      "stack": false,
      "steppedLine": false,
      "targets": [
        {
          "alias": "",
          "bucketAggs": [
            {
              "field": "agent.hostname",
              "id": "3",
              "settings": {
                "min_doc_count": "1",
                "order": "desc",
                "orderBy": "1",
                "size": "10"
              },
              "type": "terms"
            },
            {
              "field": "@timestamp",
              "id": "2",
              "settings": {
                "interval": "1m",
                "min_doc_count": 0,
                "trimEdges": "1"
              },
              "type": "date_histogram"
            }
          ],
          "datasource": {
            "type": "elasticsearch",
            "uid": "${DS_ELASTICSEARCH}"
          },
          "metrics": [
            {
              "field": "kubernetes.node.network.rx.bytes",
              "hide": true,
              "id": "1",
              "settings": {
                "script": "_value  / $__interval_ms * 1000"
              },
              "type": "sum"
            },
            {
              "field": "1",
              "id": "4",
              "pipelineAgg": "1",
              "type": "derivative"
            }
          ],
          "query": "agent.hostname:$node AND event.dataset:kubernetes.node",
          "refId": "A",
          "timeField": "@timestamp"
        }
      ],
      "thresholds": [],
      "timeRegions": [],
      "timeShift": "1m",
      "title": "Network In (rx)",
      "tooltip": {
        "shared": true,
        "sort": 2,
        "value_type": "individual"
      },
      "transformations": [],
      "type": "graph",
      "xaxis": {
        "mode": "time",
        "show": true,
        "values": []
      },
      "yaxes": [
        {
          "$$hashKey": "object:235",
          "decimals": 0,
          "format": "binBps",
          "logBase": 1,
          "show": true
        },
        {
          "$$hashKey": "object:236",
          "format": "short",
          "logBase": 1,
          "show": true
        }
      ],
      "yaxis": {
        "align": false
      }
    },
    {
      "aliasColors": {},
      "bars": false,
      "dashLength": 10,
      "dashes": false,
      "datasource": {
        "type": "elasticsearch",
        "uid": "${DS_ELASTICSEARCH}"
      },
      "decimals": 1,
      "description": "",
      "fieldConfig": {
        "defaults": {
          "unit": "binBps"
        },
        "overrides": []
      },
      "fill": 1,
      "fillGradient": 0,
      "gridPos": {
        "h": 8,
        "w": 8,
        "x": 8,
        "y": 9
      },
      "hiddenSeries": false,
      "hideTimeOverride": true,
      "id": 63,
      "legend": {
        "alignAsTable": true,
        "avg": true,
        "current": true,
        "max": true,
        "min": true,
        "show": true,
        "total": false,
        "values": true
      },
      "lines": true,
      "linewidth": 1,
      "links": [],
      "nullPointMode": "null",
      "options": {
        "alertThreshold": true
      },
      "percentage": false,
      "pluginVersion": "7.5.12",
      "pointradius": 2,
      "points": false,
      "renderer": "flot",
      "repeatDirection": "v",
      "seriesOverrides": [],
      "spaceLength": 10,
      "stack": false,
      "steppedLine": false,
      "targets": [
        {
          "alias": "",
          "bucketAggs": [
            {
              "field": "agent.hostname",
              "id": "3",
              "settings": {
                "min_doc_count": "1",
                "order": "desc",
                "orderBy": "1",
                "size": "10"
              },
              "type": "terms"
            },
            {
              "field": "@timestamp",
              "id": "2",
              "settings": {
                "interval": "1m",
                "min_doc_count": 0,
                "trimEdges": "1"
              },
              "type": "date_histogram"
            }
          ],
          "datasource": {
            "type": "elasticsearch",
            "uid": "${DS_ELASTICSEARCH}"
          },
          "metrics": [
            {
              "field": "kubernetes.node.network.tx.bytes",
              "hide": true,
              "id": "1",
              "settings": {
                "script": "_value  / $__interval_ms * 1000"
              },
              "type": "sum"
            },
            {
              "field": "1",
              "id": "4",
              "pipelineAgg": "1",
              "type": "derivative"
            }
          ],
          "query": "agent.hostname:$node AND event.dataset:kubernetes.node",
          "refId": "A",
          "timeField": "@timestamp"
        }
      ],
      "thresholds": [],
      "timeRegions": [],
      "timeShift": "1m",
      "title": "Network Out (tx)",
      "tooltip": {
        "shared": true,
        "sort": 2,
        "value_type": "individual"
      },
      "transformations": [],
      "type": "graph",
      "xaxis": {
        "mode": "time",
        "show": true,
        "values": []
      },
      "yaxes": [
        {
          "$$hashKey": "object:40",
          "decimals": 0,
          "format": "binBps",
          "logBase": 1,
          "show": true
        },
        {
          "$$hashKey": "object:41",
          "format": "short",
          "logBase": 1,
          "show": true
        }
      ],
      "yaxis": {
        "align": false
      }
    },
    {
      "aliasColors": {},
      "bars": false,
      "dashLength": 10,
      "dashes": false,
      "datasource": {
        "type": "elasticsearch",
        "uid": "${DS_ELASTICSEARCH}"
      },
      "decimals": 0,
      "description": "Used swap memory.",
      "fieldConfig": {
        "defaults": {
          "unit": "bytes"
        },
        "overrides": []
      },
      "fill": 1,
      "fillGradient": 0,
      "gridPos": {
        "h": 8,
        "w": 8,
        "x": 16,
        "y": 9
      },
      "hiddenSeries": false,
      "hideTimeOverride": false,
      "id": 59,
      "interval": "1m",
      "legend": {
        "alignAsTable": true,
        "avg": true,
        "current": true,
        "max": true,
        "min": true,
        "show": true,
        "total": true,
        "values": true
      },
      "lines": true,
      "linewidth": 1,
      "links": [],
      "nullPointMode": "null",
      "options": {
        "alertThreshold": true
      },
      "percentage": false,
      "pluginVersion": "7.5.12",
      "pointradius": 2,
      "points": false,
      "renderer": "flot",
      "seriesOverrides": [],
      "spaceLength": 10,
      "stack": false,
      "steppedLine": false,
      "targets": [
        {
          "alias": "",
          "bucketAggs": [
            {
              "field": "agent.hostname",
              "id": "3",
              "settings": {
                "min_doc_count": "1",
                "order": "desc",
                "orderBy": "1",
                "size": "10"
              },
              "type": "terms"
            },
            {
              "field": "@timestamp",
              "id": "2",
              "settings": {
                "interval": "1m",
                "min_doc_count": 0,
                "trimEdges": "1"
              },
              "type": "date_histogram"
            }
          ],
          "datasource": {
            "type": "elasticsearch",
            "uid": "${DS_ELASTICSEARCH}"
          },
          "hide": false,
          "metrics": [
            {
              "field": "system.memory.swap.used.bytes",
              "id": "1",
              "type": "avg"
            }
          ],
          "query": "agent.hostname:$node AND event.dataset:system.memory",
          "refId": "A",
          "timeField": "@timestamp"
        }
      ],
      "thresholds": [],
      "timeRegions": [],
      "title": "Swap Memory Usage",
      "tooltip": {
        "shared": true,
        "sort": 2,
        "value_type": "individual"
      },
      "transformations": [
        {
          "id": "groupBy",
          "options": {
            "fields": {
              "200~299": {
                "aggregations": []
              },
              "300~399": {
                "aggregations": []
              }
            }
          }
        }
      ],
      "type": "graph",
      "xaxis": {
        "mode": "time",
        "show": true,
        "values": []
      },
      "yaxes": [
        {
          "$$hashKey": "object:105",
          "format": "bytes",
          "logBase": 1,
          "min": "0",
          "show": true
        },
        {
          "$$hashKey": "object:106",
          "format": "short",
          "logBase": 1,
          "show": true
        }
      ],
      "yaxis": {
        "align": false
      }
    },
    {
      "datasource": {
        "type": "elasticsearch",
        "uid": "000000010"
      },
      "gridPos": {
        "h": 1,
        "w": 24,
        "x": 0,
        "y": 17
      },
      "id": 35,
      "targets": [
        {
          "datasource": {
            "type": "elasticsearch",
            "uid": "000000010"
          },
          "refId": "A"
        }
      ],
      "title": "Statistics",
      "type": "row"
    },
    {
      "datasource": {
        "type": "elasticsearch",
        "uid": "${DS_ELASTICSEARCH}"
      },
      "fieldConfig": {
        "defaults": {
          "color": {
            "mode": "thresholds"
          },
          "custom": {
            "align": "auto",
            "displayMode": "auto",
            "filterable": true,
            "inspect": false,
            "width": 85
          },
          "mappings": [],
          "thresholds": {
            "mode": "absolute",
            "steps": [
              {
                "color": "green",
                "value": null
              },
              {
                "color": "red",
                "value": 80
              }
            ]
          }
        },
        "overrides": [
          {
            "matcher": {
              "id": "byName",
              "options": "Timestamp"
            },
            "properties": [
              {
                "id": "custom.width",
                "value": 151
              },
              {
                "id": "unit",
                "value": "dateTimeAsIso"
              }
            ]
          },
          {
            "matcher": {
              "id": "byName",
              "options": "rx error"
            },
            "properties": [
              {
                "id": "custom.width",
                "value": 82
              },
              {
                "id": "unit",
                "value": "short"
              },
              {
                "id": "custom.displayMode",
                "value": "color-background"
              },
              {
                "id": "thresholds",
                "value": {
                  "mode": "absolute",
                  "steps": [
                    {
                      "color": "rgb(255, 255, 255)",
                      "value": null
                    },
                    {
                      "color": "#ff6067",
                      "value": 1
                    }
                  ]
                }
              }
            ]
          },
          {
            "matcher": {
              "id": "byName",
              "options": "Start"
            },
            "properties": [
              {
                "id": "custom.width",
                "value": 156
              },
              {
                "id": "unit",
                "value": "dateTimeAsIso"
              }
            ]
          },
          {
            "matcher": {
              "id": "byName",
              "options": "tx error"
            },
            "properties": [
              {
                "id": "custom.width",
                "value": 79
              },
              {
                "id": "custom.displayMode",
                "value": "color-background"
              },
              {
                "id": "thresholds",
                "value": {
                  "mode": "absolute",
                  "steps": [
                    {
                      "color": "rgb(255, 255, 255)",
                      "value": null
                    },
                    {
                      "color": "#ff6067",
                      "value": 1
                    }
                  ]
                }
              },
              {
                "id": "unit",
                "value": "short"
              }
            ]
          },
          {
            "matcher": {
              "id": "byName",
              "options": "tx"
            },
            "properties": [
              {
                "id": "custom.width",
                "value": 78
              },
              {
                "id": "unit",
                "value": "binBps"
              }
            ]
          },
          {
            "matcher": {
              "id": "byName",
              "options": "rx"
            },
            "properties": [
              {
                "id": "custom.width",
                "value": 74
              },
              {
                "id": "unit",
                "value": "binBps"
              }
            ]
          },
          {
            "matcher": {
              "id": "byName",
              "options": "CPU %"
            },
            "properties": [
              {
                "id": "custom.width"
              },
              {
                "id": "unit",
                "value": "percentunit"
              },
              {
                "id": "decimals",
                "value": 1
              },
              {
                "id": "thresholds",
                "value": {
                  "mode": "absolute",
                  "steps": [
                    {
                      "color": "#17019b",
                      "value": null
                    },
                    {
                      "color": "#ffc701",
                      "value": 0.3
                    },
                    {
                      "color": "#ff6067",
                      "value": 0.5
                    }
                  ]
                }
              },
              {
                "id": "custom.displayMode",
                "value": "lcd-gauge"
              }
            ]
          },
          {
            "matcher": {
              "id": "byName",
              "options": "Name"
            },
            "properties": [
              {
                "id": "custom.width"
              }
            ]
          },
          {
            "matcher": {
              "id": "byName",
              "options": "Node Type"
            },
            "properties": [
              {
                "id": "custom.width"
              }
            ]
          },
          {
            "matcher": {
              "id": "byName",
              "options": "CPU Nano"
            },
            "properties": [
              {
                "id": "custom.width",
                "value": 103
              },
              {
                "id": "unit",
                "value": "short"
              }
            ]
          },
          {
            "matcher": {
              "id": "byName",
              "options": "Memory Used"
            },
            "properties": [
              {
                "id": "custom.width",
                "value": 122
              },
              {
                "id": "unit",
                "value": "bytes"
              }
            ]
          },
          {
            "matcher": {
              "id": "byName",
              "options": "FS Usage"
            },
            "properties": [
              {
                "id": "custom.width",
                "value": 96
              },
              {
                "id": "unit",
                "value": "bytes"
              }
            ]
          },
          {
            "matcher": {
              "id": "byName",
              "options": "Inodes Total"
            },
            "properties": [
              {
                "id": "custom.width",
                "value": 111
              },
              {
                "id": "unit",
                "value": "short"
              }
            ]
          },
          {
            "matcher": {
              "id": "byName",
              "options": "Inodes Used"
            },
            "properties": [
              {
                "id": "custom.width",
                "value": 115
              },
              {
                "id": "unit",
                "value": "short"
              }
            ]
          },
          {
            "matcher": {
              "id": "byName",
              "options": "Memory %"
            },
            "properties": [
              {
                "id": "custom.width"
              },
              {
                "id": "custom.displayMode",
                "value": "lcd-gauge"
              },
              {
                "id": "thresholds",
                "value": {
                  "mode": "absolute",
                  "steps": [
                    {
                      "color": "#17019b",
                      "value": null
                    },
                    {
                      "color": "#ffc701",
                      "value": 0.5
                    },
                    {
                      "color": "#ff6067",
                      "value": 0.8
                    }
                  ]
                }
              },
              {
                "id": "unit",
                "value": "percentunit"
              }
            ]
          },
          {
            "matcher": {
              "id": "byName",
              "options": "FS %"
            },
            "properties": [
              {
                "id": "custom.width"
              },
              {
                "id": "unit",
                "value": "percentunit"
              },
              {
                "id": "custom.displayMode",
                "value": "lcd-gauge"
              },
              {
                "id": "thresholds",
                "value": {
                  "mode": "absolute",
                  "steps": [
                    {
                      "color": "#17019b",
                      "value": null
                    },
                    {
                      "color": "#ffc701",
                      "value": 0.5
                    },
                    {
                      "color": "#ff6067",
                      "value": 0.8
                    }
                  ]
                }
              }
            ]
          },
          {
            "matcher": {
              "id": "byName",
              "options": "SWAP Used"
            },
            "properties": [
              {
                "id": "custom.width",
                "value": 90
              },
              {
                "id": "custom.displayMode",
                "value": "color-background"
              },
              {
                "id": "thresholds",
                "value": {
                  "mode": "absolute",
                  "steps": [
                    {
                      "color": "rgb(255, 255, 255)",
                      "value": null
                    },
                    {
                      "color": "#ff6067",
                      "value": 1
                    }
                  ]
                }
              }
            ]
          }
        ]
      },
      "gridPos": {
        "h": 23,
        "w": 24,
        "x": 0,
        "y": 18
      },
      "hideTimeOverride": true,
      "id": 24,
      "links": [],
      "options": {
        "footer": {
          "fields": "",
          "reducer": [
            "sum"
          ],
          "show": false
        },
        "showHeader": true,
        "sortBy": [
          {
            "desc": false,
            "displayName": "CPU %"
          }
        ]
      },
      "pluginVersion": "7.5.12",
      "targets": [
        {
          "bucketAggs": [],
          "datasource": {
            "type": "elasticsearch",
            "uid": "${DS_ELASTICSEARCH}"
          },
          "hide": false,
          "metrics": [
            {
              "id": "1",
              "settings": {
                "size": "500"
              },
              "type": "raw_data"
            }
          ],
          "query": "agent.hostname:$node AND event.dataset:kubernetes.node",
          "refId": "B",
          "timeField": "@timestamp"
        }
      ],
      "timeFrom": "1m",
      "timeShift": "1m",
      "title": "Node Monitoring",
      "transformations": [
        {
          "id": "filterFieldsByName",
          "options": {
            "include": {
              "names": [
                "@timestamp",
                "agent.hostname",
                "kubernetes.labels.nodeType",
                "kubernetes.node.cpu.total.norm.pct",
                "kubernetes.node.cpu.usage.nanocores",
                "kubernetes.node.fs.inodes.count",
                "kubernetes.node.fs.inodes.used",
                "kubernetes.node.fs.used.bytes",
                "kubernetes.node.fs.used.pct",
                "kubernetes.node.memory.actual.used.bytes",
                "kubernetes.node.memory.actual.used.pct",
                "kubernetes.node.memory.swap.used.bytes",
                "kubernetes.node.network.rx.errors",
                "kubernetes.node.network.tx.errors",
                "kubernetes.node.start_time",
                "kubernetes.node.network.rx.bytesPerSec",
                "kubernetes.node.network.tx.bytesPerSec"
              ]
            }
          }
        },
        {
          "id": "organize",
          "options": {
            "excludeByName": {},
            "indexByName": {
              "@timestamp": 2,
              "agent.hostname": 0,
              "kubernetes.labels.nodeType": 1,
              "kubernetes.node.cpu.total.norm.pct": 3,
              "kubernetes.node.cpu.usage.nanocores": 10,
              "kubernetes.node.fs.inodes.count": 14,
              "kubernetes.node.fs.inodes.used": 15,
              "kubernetes.node.fs.used.bytes": 13,
              "kubernetes.node.fs.used.pct": 5,
              "kubernetes.node.memory.actual.used.bytes": 11,
              "kubernetes.node.memory.actual.used.pct": 4,
              "kubernetes.node.memory.swap.used.bytes": 12,
              "kubernetes.node.network.rx.bytesPerSec": 6,
              "kubernetes.node.network.rx.errors": 8,
              "kubernetes.node.network.tx.bytesPerSec": 7,
              "kubernetes.node.network.tx.errors": 9,
              "kubernetes.node.start_time": 16
            },
            "renameByName": {
              "@timestamp": "Timestamp",
              "agent.hostname": "Name",
              "kubernetes.labels.nodeType": "Node Type",
              "kubernetes.node.cpu.total.norm.pct": "CPU %",
              "kubernetes.node.cpu.usage.nanocores": "CPU Nano",
              "kubernetes.node.fs.available.bytes": "FS Free",
              "kubernetes.node.fs.capacity.bytes": "FS Total",
              "kubernetes.node.fs.inodes.count": "Inodes Total",
              "kubernetes.node.fs.inodes.used": "Inodes Used",
              "kubernetes.node.fs.used.bytes": "FS Usage",
              "kubernetes.node.fs.used.pct": "FS %",
              "kubernetes.node.memory.actual.used.bytes": "Memory Used",
              "kubernetes.node.memory.actual.used.pct": "Memory %",
              "kubernetes.node.memory.available.bytes": "Memory Free",
              "kubernetes.node.memory.swap.used.bytes": "SWAP Used",
              "kubernetes.node.memory.usage.bytes": "Memory Used",
              "kubernetes.node.network.rx.bytes": "rx",
              "kubernetes.node.network.rx.bytesPerSec": "rx",
              "kubernetes.node.network.rx.errors": "rx error",
              "kubernetes.node.network.rx.incBytes": "rx",
              "kubernetes.node.network.tx.bytes": "tx",
              "kubernetes.node.network.tx.bytesPerSec": "tx",
              "kubernetes.node.network.tx.errors": "tx error",
              "kubernetes.node.network.tx.incBytes": "tx",
              "kubernetes.node.start_time": "Start",
              "kubernetes.pod.cpu.usage.nanocores": "CPU core",
              "kubernetes.pod.cpu.usage.node.pct": "CPU %",
              "kubernetes.pod.ip": "IP",
              "kubernetes.pod.memory.available.bytes": "Memory Free",
              "kubernetes.pod.memory.usage.bytes": "Memory",
              "kubernetes.pod.memory.usage.node.pct": "Memory %",
              "kubernetes.pod.name": "Name",
              "kubernetes.pod.network.rx.bytes": "rx",
              "kubernetes.pod.network.rx.errors": "rx error",
              "kubernetes.pod.network.tx.bytes": "tx",
              "kubernetes.pod.network.tx.errors": "tx error",
              "kubernetes.pod.start_time": "Start",
              "kubernetes.pod.uid": "UID"
            }
          }
        }
      ],
      "type": "table"
    }
  ],
  "refresh": false,
  "schemaVersion": 36,
  "style": "dark",
  "tags": [],
  "templating": {
    "list": [
      {
        "allValue": "*",
        "current": {},
        "datasource": {
          "type": "elasticsearch",
          "uid": "${DS_ELASTICSEARCH}"
        },
        "definition": "{\"find\": \"terms\", \"field\": \"agent.hostname\"}",
        "hide": 0,
        "includeAll": true,
        "label": "Node",
        "multi": true,
        "name": "node",
        "options": [],
        "query": "{\"find\": \"terms\", \"field\": \"agent.hostname\"}",
        "refresh": 2,
        "regex": "",
        "skipUrlSync": false,
        "sort": 5,
        "tagValuesQuery": "",
        "tagsQuery": "",
        "type": "query",
        "useTags": false
      }
    ]
  },
  "time": {
    "from": "now-3h",
    "to": "now"
  },
  "timepicker": {
    "nowDelay": "",
    "refresh_intervals": [
      "30s",
      "1m",
      "5m",
      "15m",
      "30m",
      "1h"
    ],
    "time_options": [
      "5m",
      "15m",
      "1h",
      "6h",
      "12h",
      "24h",
      "2d",
      "7d",
      "30d"
    ]
  },
  "timezone": "",
  "title": "Kubernetes Node Monitoring",
  "uid": "QOi0PZi4k",
  "version": 2,
  "weekStart": ""
}