{
  "__inputs": [
    {
      "name": "DS_EIGHTY20-ES",
      "label": "elasticsearch",
      "description": "",
      "type": "datasource",
      "pluginId": "elasticsearch",
      "pluginName": "Elasticsearch"
    }
  ],
  "__requires": [
    {
      "type": "datasource",
      "id": "elasticsearch",
      "name": "Elasticsearch",
      "version": "3.0.0"
    },
    {
      "type": "grafana",
      "id": "grafana",
      "name": "Grafana",
      "version": "4.2.0"
    },
    {
      "type": "panel",
      "id": "graph",
      "name": "Graph",
      "version": ""
    },
    {
      "type": "panel",
      "id": "singlestat",
      "name": "Singlestat",
      "version": ""
    }
  ],
  "annotations": {
    "list": []
  },
  "editable": true,
  "gnetId": 2030,
  "graphTooltip": 0,
  "hideControls": false,
  "id": null,
  "links": [],
  "refresh": "5s",
  "rows": [
    {
      "collapse": false,
      "height": "100px",
      "panels": [
        {
          "cacheTimeout": null,
          "colorBackground": false,
          "colorValue": true,
          "colors": [
            "rgba(50, 172, 45, 0.97)",
            "rgba(237, 129, 40, 0.89)",
            "rgba(245, 54, 54, 0.9)"
          ],
          "datasource": "${DS_EIGHTY20-ES}",
          "decimals": 1,
          "format": "percentunit",
          "gauge": {
            "maxValue": 100,
            "minValue": 0,
            "show": false,
            "thresholdLabels": false,
            "thresholdMarkers": true
          },
          "id": 1,
          "interval": null,
          "links": [],
          "mappingType": 1,
          "mappingTypes": [
            {
              "name": "value to text",
              "value": 1
            },
            {
              "name": "range to text",
              "value": 2
            }
          ],
          "maxDataPoints": 100,
          "nullPointMode": "connected",
          "nullText": null,
          "postfix": "",
          "postfixFontSize": "50%",
          "prefix": "",
          "prefixFontSize": "50%",
          "rangeMaps": [
            {
              "from": "null",
              "text": "N/A",
              "to": "null"
            }
          ],
          "span": 2,
          "sparkline": {
            "fillColor": "rgba(31, 118, 189, 0.18)",
            "full": false,
            "lineColor": "rgb(31, 120, 193)",
            "show": true
          },
          "targets": [
            {
              "bucketAggs": [
                {
                  "field": "@timestamp",
                  "id": "2",
                  "settings": {
                    "interval": "auto",
                    "min_doc_count": 0,
                    "trimEdges": 0
                  },
                  "type": "date_histogram"
                }
              ],
              "dsType": "elasticsearch",
              "metrics": [
                {
                  "field": "system.load.norm.1",
                  "id": "1",
                  "meta": {},
                  "settings": {},
                  "type": "max"
                }
              ],
              "query": "metricset.module:system",
              "refId": "A",
              "timeField": "@timestamp"
            }
          ],
          "thresholds": "0.8,0.9",
          "title": "Load",
          "type": "singlestat",
          "valueFontSize": "80%",
          "valueMaps": [
            {
              "op": "=",
              "text": "N/A",
              "value": "null"
            }
          ],
          "valueName": "current"
        },
        {
          "cacheTimeout": null,
          "colorBackground": false,
          "colorValue": true,
          "colors": [
            "rgba(245, 54, 54, 0.9)",
            "rgba(237, 129, 40, 0.89)",
            "rgba(50, 172, 45, 0.97)"
          ],
          "datasource": "${DS_EIGHTY20-ES}",
          "format": "none",
          "gauge": {
            "maxValue": 100,
            "minValue": 0,
            "show": false,
            "thresholdLabels": false,
            "thresholdMarkers": true
          },
          "id": 2,
          "interval": null,
          "links": [],
          "mappingType": 2,
          "mappingTypes": [
            {
              "name": "value to text",
              "value": 1
            },
            {
              "name": "range to text",
              "value": 2
            }
          ],
          "maxDataPoints": 100,
          "nullPointMode": "connected",
          "nullText": null,
          "postfix": "",
          "postfixFontSize": "50%",
          "prefix": "",
          "prefixFontSize": "50%",
          "rangeMaps": [
            {
              "from": "-1",
              "text": "Down",
              "to": "0"
            },
            {
              "from": "1",
              "text": "Up",
              "to": "4"
            }
          ],
          "span": 2,
          "sparkline": {
            "fillColor": "rgba(31, 118, 189, 0.18)",
            "full": false,
            "lineColor": "rgb(31, 120, 193)",
            "show": false
          },
          "targets": [
            {
              "bucketAggs": [
                {
                  "field": "@timestamp",
                  "id": "2",
                  "settings": {
                    "interval": "auto",
                    "min_doc_count": 0,
                    "trimEdges": 0
                  },
                  "type": "date_histogram"
                }
              ],
              "dsType": "elasticsearch",
              "metrics": [
                {
                  "field": "system.cpu.cores",
                  "id": "1",
                  "meta": {},
                  "settings": {},
                  "type": "max"
                }
              ],
              "query": "metricset.module:system AND metricset.name:cpu",
              "refId": "A",
              "timeField": "@timestamp"
            }
          ],
          "thresholds": "1,1",
          "title": "State",
          "type": "singlestat",
          "valueFontSize": "80%",
          "valueMaps": [
            {
              "op": "=",
              "text": "Down",
              "value": "0"
            },
            {
              "op": "=",
              "text": "Up",
              "value": "1"
            }
          ],
          "valueName": "current"
        },
        {
          "cacheTimeout": null,
          "colorBackground": false,
          "colorValue": false,
          "colors": [
            "rgba(245, 54, 54, 0.9)",
            "rgba(237, 129, 40, 0.89)",
            "rgba(50, 172, 45, 0.97)"
          ],
          "datasource": "${DS_EIGHTY20-ES}",
          "format": "none",
          "gauge": {
            "maxValue": 100,
            "minValue": 0,
            "show": false,
            "thresholdLabels": false,
            "thresholdMarkers": true
          },
          "id": 3,
          "interval": null,
          "links": [],
          "mappingType": 1,
          "mappingTypes": [
            {
              "name": "value to text",
              "value": 1
            },
            {
              "name": "range to text",
              "value": 2
            }
          ],
          "maxDataPoints": 100,
          "nullPointMode": "connected",
          "nullText": null,
          "postfix": "",
          "postfixFontSize": "50%",
          "prefix": "",
          "prefixFontSize": "50%",
          "rangeMaps": [
            {
              "from": "null",
              "text": "N/A",
              "to": "null"
            }
          ],
          "span": 2,
          "sparkline": {
            "fillColor": "rgba(31, 118, 189, 0.18)",
            "full": false,
            "lineColor": "rgb(31, 120, 193)",
            "show": false
          },
          "targets": [
            {
              "bucketAggs": [
                {
                  "field": "@timestamp",
                  "id": "2",
                  "settings": {
                    "interval": "auto",
                    "min_doc_count": 0,
                    "trimEdges": 0
                  },
                  "type": "date_histogram"
                }
              ],
              "dsType": "elasticsearch",
              "metrics": [
                {
                  "field": "system.cpu.cores",
                  "id": "1",
                  "meta": {},
                  "settings": {},
                  "type": "avg"
                }
              ],
              "query": "metricset.module:system AND metricset.name:cpu",
              "refId": "A",
              "timeField": "@timestamp"
            }
          ],
          "thresholds": "",
          "title": "Cores",
          "type": "singlestat",
          "valueFontSize": "80%",
          "valueMaps": [
            {
              "op": "=",
              "text": "N/A",
              "value": "null"
            }
          ],
          "valueName": "current"
        },
        {
          "cacheTimeout": null,
          "colorBackground": false,
          "colorValue": false,
          "colors": [
            "rgba(245, 54, 54, 0.9)",
            "rgba(237, 129, 40, 0.89)",
            "rgba(50, 172, 45, 0.97)"
          ],
          "datasource": "${DS_EIGHTY20-ES}",
          "format": "decbytes",
          "gauge": {
            "maxValue": 100,
            "minValue": 0,
            "show": false,
            "thresholdLabels": false,
            "thresholdMarkers": true
          },
          "id": 4,
          "interval": null,
          "links": [],
          "mappingType": 1,
          "mappingTypes": [
            {
              "name": "value to text",
              "value": 1
            },
            {
              "name": "range to text",
              "value": 2
            }
          ],
          "maxDataPoints": 100,
          "nullPointMode": "connected",
          "nullText": null,
          "postfix": "",
          "postfixFontSize": "50%",
          "prefix": "",
          "prefixFontSize": "50%",
          "rangeMaps": [
            {
              "from": "null",
              "text": "N/A",
              "to": "null"
            }
          ],
          "span": 2,
          "sparkline": {
            "fillColor": "rgba(31, 118, 189, 0.18)",
            "full": false,
            "lineColor": "rgb(31, 120, 193)",
            "show": false
          },
          "targets": [
            {
              "bucketAggs": [
                {
                  "field": "@timestamp",
                  "id": "2",
                  "settings": {
                    "interval": "auto",
                    "min_doc_count": 0,
                    "trimEdges": 0
                  },
                  "type": "date_histogram"
                }
              ],
              "dsType": "elasticsearch",
              "metrics": [
                {
                  "field": "system.memory.total",
                  "id": "1",
                  "meta": {},
                  "settings": {},
                  "type": "avg"
                }
              ],
              "query": "metricset.module:system AND metricset.name:memory",
              "refId": "A",
              "timeField": "@timestamp"
            }
          ],
          "thresholds": "",
          "title": "Memory",
          "type": "singlestat",
          "valueFontSize": "80%",
          "valueMaps": [
            {
              "op": "=",
              "text": "N/A",
              "value": "null"
            }
          ],
          "valueName": "avg"
        },
        {
          "cacheTimeout": null,
          "colorBackground": false,
          "colorValue": false,
          "colors": [
            "rgba(245, 54, 54, 0.9)",
            "rgba(237, 129, 40, 0.89)",
            "rgba(50, 172, 45, 0.97)"
          ],
          "datasource": "${DS_EIGHTY20-ES}",
          "format": "decbytes",
          "gauge": {
            "maxValue": 100,
            "minValue": 0,
            "show": false,
            "thresholdLabels": false,
            "thresholdMarkers": true
          },
          "id": 5,
          "interval": null,
          "links": [],
          "mappingType": 1,
          "mappingTypes": [
            {
              "name": "value to text",
              "value": 1
            },
            {
              "name": "range to text",
              "value": 2
            }
          ],
          "maxDataPoints": 100,
          "nullPointMode": "connected",
          "nullText": null,
          "postfix": "",
          "postfixFontSize": "50%",
          "prefix": "",
          "prefixFontSize": "50%",
          "rangeMaps": [
            {
              "from": "null",
              "text": "N/A",
              "to": "null"
            }
          ],
          "span": 2,
          "sparkline": {
            "fillColor": "rgba(31, 118, 189, 0.18)",
            "full": false,
            "lineColor": "rgb(31, 120, 193)",
            "show": false
          },
          "targets": [
            {
              "bucketAggs": [
                {
                  "field": "@timestamp",
                  "id": "2",
                  "settings": {
                    "interval": "auto",
                    "min_doc_count": 0,
                    "trimEdges": 0
                  },
                  "type": "date_histogram"
                }
              ],
              "dsType": "elasticsearch",
              "metrics": [
                {
                  "field": "system.fsstat.total_size.total",
                  "id": "1",
                  "meta": {},
                  "settings": {},
                  "type": "avg"
                }
              ],
              "query": "metricset.module:system AND metricset.name:fsstat",
              "refId": "A",
              "timeField": "@timestamp"
            }
          ],
          "thresholds": "",
          "title": "All disks",
          "type": "singlestat",
          "valueFontSize": "80%",
          "valueMaps": [
            {
              "op": "=",
              "text": "N/A",
              "value": "null"
            }
          ],
          "valueName": "current"
        },
        {
          "cacheTimeout": null,
          "colorBackground": false,
          "colorValue": true,
          "colors": [
            "rgba(50, 172, 45, 0.97)",
            "rgba(237, 129, 40, 0.89)",
            "rgba(245, 54, 54, 0.9)"
          ],
          "datasource": "${DS_EIGHTY20-ES}",
          "decimals": 2,
          "format": "percentunit",
          "gauge": {
            "maxValue": 100,
            "minValue": 0,
            "show": false,
            "thresholdLabels": false,
            "thresholdMarkers": true
          },
          "id": 10,
          "interval": null,
          "links": [],
          "mappingType": 1,
          "mappingTypes": [
            {
              "name": "value to text",
              "value": 1
            },
            {
              "name": "range to text",
              "value": 2
            }
          ],
          "maxDataPoints": 100,
          "nullPointMode": "connected",
          "nullText": null,
          "postfix": "",
          "postfixFontSize": "50%",
          "prefix": "",
          "prefixFontSize": "50%",
          "rangeMaps": [
            {
              "from": "null",
              "text": "N/A",
              "to": "null"
            }
          ],
          "span": 2,
          "sparkline": {
            "fillColor": "rgba(31, 118, 189, 0.18)",
            "full": false,
            "lineColor": "rgb(31, 120, 193)",
            "show": true
          },
          "targets": [
            {
              "bucketAggs": [
                {
                  "field": "@timestamp",
                  "id": "2",
                  "settings": {
                    "interval": "auto",
                    "min_doc_count": 0,
                    "trimEdges": 0
                  },
                  "type": "date_histogram"
                }
              ],
              "dsType": "elasticsearch",
              "metrics": [
                {
                  "field": "system.cpu.idle.pct",
                  "id": "1",
                  "inlineScript": "1-_value",
                  "meta": {},
                  "settings": {
                    "script": {
                      "inline": "1-_value"
                    }
                  },
                  "type": "max"
                }
              ],
              "query": "metricset.module:system AND metricset.name:cpu",
              "refId": "A",
              "timeField": "@timestamp"
            }
          ],
          "thresholds": "75,90",
          "title": "CPU utilization",
          "type": "singlestat",
          "valueFontSize": "80%",
          "valueMaps": [
            {
              "op": "=",
              "text": "N/A",
              "value": "null"
            }
          ],
          "valueName": "avg"
        }
      ],
      "repeat": null,
      "repeatIteration": null,
      "repeatRowId": null,
      "showTitle": false,
      "title": "Dashboard Row",
      "titleSize": "h6"
    },
    {
      "collapse": false,
      "height": "250",
      "panels": [
        {
          "cacheTimeout": null,
          "colorBackground": false,
          "colorValue": true,
          "colors": [
            "rgba(50, 172, 45, 0.97)",
            "rgba(237, 129, 40, 0.89)",
            "rgba(245, 54, 54, 0.9)"
          ],
          "datasource": "${DS_EIGHTY20-ES}",
          "decimals": 2,
          "format": "percentunit",
          "gauge": {
            "maxValue": 1,
            "minValue": 0,
            "show": true,
            "thresholdLabels": false,
            "thresholdMarkers": true
          },
          "id": 13,
          "interval": null,
          "links": [],
          "mappingType": 1,
          "mappingTypes": [
            {
              "name": "value to text",
              "value": 1
            },
            {
              "name": "range to text",
              "value": 2
            }
          ],
          "maxDataPoints": 100,
          "nullPointMode": "connected",
          "nullText": null,
          "postfix": "",
          "postfixFontSize": "50%",
          "prefix": "",
          "prefixFontSize": "50%",
          "rangeMaps": [
            {
              "from": "null",
              "text": "N/A",
              "to": "null"
            }
          ],
          "span": 2,
          "sparkline": {
            "fillColor": "rgba(31, 118, 189, 0.18)",
            "full": false,
            "lineColor": "rgb(31, 120, 193)",
            "show": true
          },
          "targets": [
            {
              "bucketAggs": [
                {
                  "field": "@timestamp",
                  "id": "2",
                  "settings": {
                    "interval": "auto",
                    "min_doc_count": 0,
                    "trimEdges": 0
                  },
                  "type": "date_histogram"
                }
              ],
              "dsType": "elasticsearch",
              "metrics": [
                {
                  "field": "system.cpu.idle.pct",
                  "id": "1",
                  "inlineScript": "1-_value",
                  "meta": {},
                  "settings": {
                    "script": {
                      "inline": "1-_value"
                    }
                  },
                  "type": "max"
                }
              ],
              "query": "metricset.module:system AND metricset.name:cpu",
              "refId": "A",
              "timeField": "@timestamp"
            }
          ],
          "thresholds": "0.8,0.9,1",
          "title": "CPU",
          "type": "singlestat",
          "valueFontSize": "80%",
          "valueMaps": [
            {
              "op": "=",
              "text": "N/A",
              "value": "null"
            }
          ],
          "valueName": "current"
        },
        {
          "aliasColors": {},
          "bars": false,
          "datasource": "${DS_EIGHTY20-ES}",
          "decimals": 2,
          "fill": 4,
          "id": 6,
          "legend": {
            "alignAsTable": true,
            "avg": true,
            "current": true,
            "max": true,
            "min": true,
            "show": true,
            "total": false,
            "values": true
          },
          "lines": true,
          "linewidth": 1,
          "links": [],
          "nullPointMode": "null",
          "percentage": false,
          "pointradius": 5,
          "points": false,
          "renderer": "flot",
          "seriesOverrides": [],
          "span": 4,
          "stack": true,
          "steppedLine": false,
          "targets": [
            {
              "alias": "iowait",
              "bucketAggs": [
                {
                  "field": "@timestamp",
                  "id": "2",
                  "settings": {
                    "interval": "auto",
                    "min_doc_count": 0,
                    "trimEdges": 0
                  },
                  "type": "date_histogram"
                }
              ],
              "dsType": "elasticsearch",
              "metrics": [
                {
                  "field": "system.cpu.iowait.pct",
                  "id": "1",
                  "meta": {},
                  "settings": {},
                  "type": "avg"
                }
              ],
              "query": "metricset.module:system AND metricset.name:cpu",
              "refId": "A",
              "timeField": "@timestamp"
            },
            {
              "alias": "system",
              "bucketAggs": [
                {
                  "field": "@timestamp",
                  "id": "2",
                  "settings": {
                    "interval": "auto",
                    "min_doc_count": 0,
                    "trimEdges": 0
                  },
                  "type": "date_histogram"
                }
              ],
              "dsType": "elasticsearch",
              "metrics": [
                {
                  "field": "system.cpu.system.pct",
                  "id": "1",
                  "meta": {},
                  "settings": {},
                  "type": "avg"
                }
              ],
              "query": "metricset.module:system AND metricset.name:cpu",
              "refId": "C",
              "timeField": "@timestamp"
            },
            {
              "alias": "user",
              "bucketAggs": [
                {
                  "field": "@timestamp",
                  "id": "2",
                  "settings": {
                    "interval": "auto",
                    "min_doc_count": 0,
                    "trimEdges": 0
                  },
                  "type": "date_histogram"
                }
              ],
              "dsType": "elasticsearch",
              "metrics": [
                {
                  "field": "system.cpu.user.pct",
                  "id": "1",
                  "meta": {},
                  "settings": {},
                  "type": "avg"
                }
              ],
              "query": "metricset.module:system AND metricset.name:cpu",
              "refId": "D",
              "timeField": "@timestamp"
            }
          ],
          "thresholds": [],
          "timeFrom": null,
          "timeShift": null,
          "title": "CPU usage",
          "tooltip": {
            "shared": true,
            "sort": 0,
            "value_type": "individual"
          },
          "type": "graph",
          "xaxis": {
            "mode": "time",
            "name": null,
            "show": true,
            "values": []
          },
          "yaxes": [
            {
              "format": "percentunit",
              "label": "",
              "logBase": 1,
              "max": null,
              "min": null,
              "show": true
            },
            {
              "format": "short",
              "label": null,
              "logBase": 1,
              "max": null,
              "min": null,
              "show": true
            }
          ]
        },
        {
          "aliasColors": {
            "cpu": "#E24D42",
            "memory": "#6ED0E0"
          },
          "bars": false,
          "datasource": "${DS_EIGHTY20-ES}",
          "decimals": 2,
          "fill": 3,
          "id": 11,
          "legend": {
            "avg": false,
            "current": false,
            "max": false,
            "min": false,
            "show": true,
            "total": false,
            "values": false
          },
          "lines": true,
          "linewidth": 2,
          "links": [],
          "nullPointMode": "null",
          "percentage": false,
          "pointradius": 5,
          "points": false,
          "renderer": "flot",
          "seriesOverrides": [
            {
              "alias": "cpu",
              "fill": 0,
              "lines": true,
              "yaxis": 1,
              "zindex": 2
            },
            {
              "alias": "memory",
              "yaxis": 2
            }
          ],
          "span": 4,
          "stack": false,
          "steppedLine": false,
          "targets": [
            {
              "alias": "cpu",
              "bucketAggs": [
                {
                  "field": "@timestamp",
                  "id": "2",
                  "settings": {
                    "interval": "auto",
                    "min_doc_count": 0,
                    "trimEdges": 0
                  },
                  "type": "date_histogram"
                }
              ],
              "dsType": "elasticsearch",
              "metrics": [
                {
                  "field": "system.cpu.idle.pct",
                  "id": "3",
                  "inlineScript": "Math.round((1-_value)*10000)/10000.0",
                  "meta": {},
                  "settings": {
                    "script": {
                      "inline": "Math.round((1-_value)*10000)/10000.0"
                    }
                  },
                  "type": "avg"
                }
              ],
              "query": "metricset.module:system AND metricset.name:cpu",
              "refId": "A",
              "timeField": "@timestamp"
            },
            {
              "alias": "memory",
              "bucketAggs": [
                {
                  "field": "@timestamp",
                  "id": "2",
                  "settings": {
                    "interval": "auto",
                    "min_doc_count": 0,
                    "trimEdges": 0
                  },
                  "type": "date_histogram"
                }
              ],
              "dsType": "elasticsearch",
              "metrics": [
                {
                  "field": "system.memory.used.pct",
                  "id": "1",
                  "inlineScript": "Math.round(_value*10000)/10000.0",
                  "meta": {},
                  "settings": {
                    "script": {
                      "inline": "Math.round(_value*10000)/10000.0"
                    }
                  },
                  "type": "avg"
                }
              ],
              "query": "metricset.module:system AND metricset.name:memory",
              "refId": "B",
              "timeField": "@timestamp"
            }
          ],
          "thresholds": [],
          "timeFrom": null,
          "timeShift": null,
          "title": "CPU / Memory",
          "tooltip": {
            "shared": true,
            "sort": 0,
            "value_type": "individual"
          },
          "type": "graph",
          "xaxis": {
            "mode": "time",
            "name": null,
            "show": true,
            "values": []
          },
          "yaxes": [
            {
              "format": "percentunit",
              "label": null,
              "logBase": 1,
              "max": null,
              "min": "0.00",
              "show": true
            },
            {
              "format": "percentunit",
              "label": null,
              "logBase": 1,
              "max": null,
              "min": null,
              "show": true
            }
          ]
        },
        {
          "cacheTimeout": null,
          "colorBackground": false,
          "colorValue": true,
          "colors": [
            "rgba(50, 172, 45, 0.97)",
            "rgba(237, 129, 40, 0.89)",
            "rgba(245, 54, 54, 0.9)"
          ],
          "datasource": "${DS_EIGHTY20-ES}",
          "format": "percentunit",
          "gauge": {
            "maxValue": 1,
            "minValue": 0,
            "show": true,
            "thresholdLabels": false,
            "thresholdMarkers": true
          },
          "id": 14,
          "interval": null,
          "links": [],
          "mappingType": 1,
          "mappingTypes": [
            {
              "name": "value to text",
              "value": 1
            },
            {
              "name": "range to text",
              "value": 2
            }
          ],
          "maxDataPoints": 100,
          "nullPointMode": "connected",
          "nullText": null,
          "postfix": "",
          "postfixFontSize": "50%",
          "prefix": "",
          "prefixFontSize": "50%",
          "rangeMaps": [
            {
              "from": "null",
              "text": "N/A",
              "to": "null"
            }
          ],
          "span": 2,
          "sparkline": {
            "fillColor": "rgba(31, 118, 189, 0.18)",
            "full": false,
            "lineColor": "rgb(31, 120, 193)",
            "show": true
          },
          "targets": [
            {
              "bucketAggs": [
                {
                  "field": "@timestamp",
                  "id": "2",
                  "settings": {
                    "interval": "auto",
                    "min_doc_count": 0,
                    "trimEdges": 0
                  },
                  "type": "date_histogram"
                }
              ],
              "dsType": "elasticsearch",
              "metrics": [
                {
                  "field": "system.memory.used.pct",
                  "id": "1",
                  "meta": {},
                  "settings": {},
                  "type": "max"
                }
              ],
              "query": "metricset.module:system AND metricset.name:memory",
              "refId": "A",
              "timeField": "@timestamp"
            }
          ],
          "thresholds": "0.7,0.9",
          "title": "Memory",
          "type": "singlestat",
          "valueFontSize": "80%",
          "valueMaps": [
            {
              "op": "=",
              "text": "N/A",
              "value": "null"
            }
          ],
          "valueName": "current"
        }
      ],
      "repeat": null,
      "repeatIteration": null,
      "repeatRowId": null,
      "showTitle": false,
      "title": "Dashboard Row",
      "titleSize": "h6"
    },
    {
      "collapse": false,
      "height": "200",
      "panels": [
        {
          "aliasColors": {
            "0": "#F4D598",
            "1": "#EAB839",
            "2": "#EF843C",
            "3": "#E24D42"
          },
          "bars": true,
          "datasource": "${DS_EIGHTY20-ES}",
          "fill": 1,
          "id": 12,
          "interval": ">30s",
          "legend": {
            "alignAsTable": true,
            "avg": true,
            "current": false,
            "max": false,
            "min": false,
            "rightSide": true,
            "show": true,
            "total": false,
            "values": true
          },
          "lines": false,
          "linewidth": 1,
          "links": [],
          "nullPointMode": "null",
          "percentage": false,
          "pointradius": 5,
          "points": false,
          "renderer": "flot",
          "seriesOverrides": [],
          "span": 4,
          "stack": true,
          "steppedLine": false,
          "targets": [
            {
              "bucketAggs": [
                {
                  "fake": true,
                  "field": "system.core.id",
                  "id": "3",
                  "settings": {
                    "min_doc_count": 0,
                    "order": "asc",
                    "orderBy": "_term",
                    "size": "10"
                  },
                  "type": "terms"
                },
                {
                  "field": "@timestamp",
                  "id": "2",
                  "settings": {
                    "interval": "auto",
                    "min_doc_count": 0,
                    "trimEdges": 0
                  },
                  "type": "date_histogram"
                }
              ],
              "dsType": "elasticsearch",
              "metrics": [
                {
                  "field": "system.core.user.pct",
                  "id": "1",
                  "meta": {},
                  "settings": {},
                  "type": "avg"
                }
              ],
              "query": "metricset.module:system AND metricset.name:core",
              "refId": "A",
              "timeField": "@timestamp"
            }
          ],
          "thresholds": [],
          "timeFrom": null,
          "timeShift": null,
          "title": "CPU cores utilization",
          "tooltip": {
            "shared": true,
            "sort": 0,
            "value_type": "individual"
          },
          "type": "graph",
          "xaxis": {
            "mode": "time",
            "name": null,
            "show": true,
            "values": []
          },
          "yaxes": [
            {
              "format": "percentunit",
              "label": null,
              "logBase": 1,
              "max": null,
              "min": null,
              "show": true
            },
            {
              "format": "short",
              "label": null,
              "logBase": 1,
              "max": null,
              "min": null,
              "show": true
            }
          ]
        },
        {
          "cacheTimeout": null,
          "colorBackground": false,
          "colorValue": true,
          "colors": [
            "rgba(50, 172, 45, 0.97)",
            "rgba(237, 129, 40, 0.89)",
            "rgba(245, 54, 54, 0.9)"
          ],
          "datasource": "${DS_EIGHTY20-ES}",
          "decimals": 1,
          "format": "percentunit",
          "gauge": {
            "maxValue": 1,
            "minValue": 0,
            "show": true,
            "thresholdLabels": false,
            "thresholdMarkers": true
          },
          "id": 15,
          "interval": null,
          "links": [],
          "mappingType": 1,
          "mappingTypes": [
            {
              "name": "value to text",
              "value": 1
            },
            {
              "name": "range to text",
              "value": 2
            }
          ],
          "maxDataPoints": 100,
          "nullPointMode": "connected",
          "nullText": null,
          "postfix": "",
          "postfixFontSize": "50%",
          "prefix": "",
          "prefixFontSize": "50%",
          "rangeMaps": [
            {
              "from": "null",
              "text": "N/A",
              "to": "null"
            }
          ],
          "span": 2,
          "sparkline": {
            "fillColor": "rgba(31, 118, 189, 0.18)",
            "full": false,
            "lineColor": "rgb(31, 120, 193)",
            "show": false
          },
          "targets": [
            {
              "bucketAggs": [
                {
                  "field": "@timestamp",
                  "id": "2",
                  "settings": {
                    "interval": "auto",
                    "min_doc_count": 0,
                    "trimEdges": 0
                  },
                  "type": "date_histogram"
                }
              ],
              "dsType": "elasticsearch",
              "metrics": [
                {
                  "field": "system.filesystem.used.pct",
                  "id": "1",
                  "meta": {},
                  "settings": {},
                  "type": "max"
                }
              ],
              "query": "metricset.module:system AND metricset.name:filesystem",
              "refId": "A",
              "timeField": "@timestamp"
            }
          ],
          "thresholds": "0.7,0.9",
          "title": "Disk Used",
          "type": "singlestat",
          "valueFontSize": "80%",
          "valueMaps": [
            {
              "op": "=",
              "text": "N/A",
              "value": "null"
            }
          ],
          "valueName": "current"
        },
        {
          "aliasColors": {
            "outbound": "#1F78C1"
          },
          "bars": false,
          "datasource": "${DS_EIGHTY20-ES}",
          "fill": 3,
          "id": 9,
          "legend": {
            "alignAsTable": true,
            "avg": true,
            "current": true,
            "max": true,
            "min": true,
            "show": true,
            "total": false,
            "values": true
          },
          "lines": true,
          "linewidth": 2,
          "links": [],
          "nullPointMode": "connected",
          "percentage": false,
          "pointradius": 5,
          "points": false,
          "renderer": "flot",
          "seriesOverrides": [
            {
              "alias": "outbound",
              "yaxis": 1
            }
          ],
          "span": 6,
          "stack": false,
          "steppedLine": false,
          "targets": [
            {
              "alias": "inbound",
              "bucketAggs": [
                {
                  "field": "@timestamp",
                  "id": "2",
                  "settings": {
                    "interval": "auto",
                    "min_doc_count": 0,
                    "trimEdges": 0
                  },
                  "type": "date_histogram"
                }
              ],
              "dsType": "elasticsearch",
              "metrics": [
                {
                  "field": "system.network.in.bytes",
                  "hide": true,
                  "id": "1",
                  "meta": {},
                  "settings": {},
                  "type": "avg"
                },
                {
                  "field": "1",
                  "id": "3",
                  "meta": {},
                  "pipelineAgg": "1",
                  "settings": {},
                  "type": "derivative"
                }
              ],
              "query": "metricset.module:system AND metricset.name:network",
              "refId": "A",
              "timeField": "@timestamp"
            },
            {
              "alias": "outbound",
              "bucketAggs": [
                {
                  "field": "@timestamp",
                  "id": "2",
                  "settings": {
                    "interval": "auto",
                    "min_doc_count": 0,
                    "trimEdges": 0
                  },
                  "type": "date_histogram"
                }
              ],
              "dsType": "elasticsearch",
              "metrics": [
                {
                  "field": "system.network.out.bytes",
                  "hide": true,
                  "id": "1",
                  "inlineScript": null,
                  "meta": {},
                  "settings": {},
                  "type": "avg"
                },
                {
                  "field": "1",
                  "id": "3",
                  "meta": {},
                  "pipelineAgg": "1",
                  "settings": {},
                  "type": "derivative"
                }
              ],
              "query": "metricset.module:system AND metricset.name:network",
              "refId": "B",
              "timeField": "@timestamp"
            }
          ],
          "thresholds": [],
          "timeFrom": null,
          "timeShift": null,
          "title": "Network In / Out",
          "tooltip": {
            "shared": true,
            "sort": 0,
            "value_type": "individual"
          },
          "type": "graph",
          "xaxis": {
            "mode": "time",
            "name": null,
            "show": true,
            "values": []
          },
          "yaxes": [
            {
              "format": "Bps",
              "label": null,
              "logBase": 1,
              "max": null,
              "min": null,
              "show": true
            },
            {
              "format": "Bps",
              "label": null,
              "logBase": 1,
              "max": null,
              "min": null,
              "show": true
            }
          ]
        }
      ],
      "repeat": null,
      "repeatIteration": null,
      "repeatRowId": null,
      "showTitle": false,
      "title": "Dashboard Row",
      "titleSize": "h6"
    }
  ],
  "schemaVersion": 14,
  "style": "dark",
  "tags": [],
  "templating": {
    "list": []
  },
  "time": {
    "from": "now-15m",
    "to": "now"
  },
  "timepicker": {
    "refresh_intervals": [
      "5s",
      "10s",
      "30s",
      "1m",
      "5m",
      "15m",
      "30m",
      "1h",
      "2h",
      "1d"
    ],
    "time_options": [
      "5m",
      "15m",
      "1h",
      "6h",
      "12h",
      "24h",
      "2d",
      "7d",
      "30d"
    ]
  },
  "timezone": "browser",
  "title": "System metrics",
  "version": 1,
  "description": "System metrics from metricbeat to elasticsearch"
}